{
  "Whisper": {
    "sw_TZ": {
      "BLEU": 0.0,
      "COMET": 0.39999365210533144,
      "WER": 100.0
    }
  },
  "NLLB": {
    "sw_TZ": {
      "BLEU": 1.6799426494437226,
      "COMET": 0.4390106797218323
    }
  }
}